[
  {
    "user": {
      "type": "player",
      "name": "localhost4096",
      "uniqueId": "39bc7837-8a2a-4021-9edb-c5a7f8b0cbe1"
    },
    "time": 1739068328325,
    "type": "Profiler",
    "data": {
      "type": "url",
      "value": "https://spark.lucko.me/6RE0lr6e8f"
    }
  },
  {
    "user": {
      "type": "player",
      "name": "localhost4096",
      "uniqueId": "39bc7837-8a2a-4021-9edb-c5a7f8b0cbe1"
    },
    "time": 1739067039503,
    "type": "Profiler",
    "data": {
      "type": "url",
      "value": "https://spark.lucko.me/ERXFdbfjKI"
    }
  },
  {
    "user": {
      "type": "player",
      "name": "localhost4096",
      "uniqueId": "39bc7837-8a2a-4021-9edb-c5a7f8b0cbe1"
    },
    "time": 1739066805445,
    "type": "Profiler",
    "data": {
      "type": "url",
      "value": "https://spark.lucko.me/IGcRzXzDHw"
    }
  }
]