{
    "name": "JEI",
    "icon": "minecraft:writable_book",
    "category": "patchouli:equipment_category",
    "pages": [
        {
            "type": "patchouli:text",
            "text": "JEI $(o)(Just Enough Items)$() is a mod that list down all items, their recipes, and what they contribute to other recipes. Useful for finding materials needed.$(br2)You can access this mod by pressing $(k:inventory) (Open Inventory)."
        },
        "$(br2)The controls for this mod are as follows:$(br)$(li)Hover and press $(k:jei.showRecipe) or $(k:jei.showRecipe2) to open an item's recipe.$(li)Hover and press $(k:jei.showUses) to open the item's usage in other recipes.$(li) Hover and press $(k:jei.bookmark) to bookmark an item."
    ]
}